epoch,loss,L_cp,L_shock,L_lb,L_fric,lr,val_R2_Cp,val_R2_Cfx,val_R2_Cfy,val_R2_Cfz,is_best
1,0.4761,0.0823,0.1405,0.4975,0.1282,0.000333,,,,,
2,0.4599,0.0825,0.1384,1.1495,0.125,0.000667,0.9511,0.8897,0.8643,0.8886,
3,0.4605,0.0865,0.1404,1.1937,0.124,0.001,,,,,
4,0.4484,0.0794,0.1407,1.3022,0.1227,0.001,0.9448,0.8911,0.8691,0.8874,
5,0.4428,0.0791,0.1334,1.3117,0.1212,0.001,,,,,
6,0.4392,0.0794,0.131,1.3327,0.12,0.000999,0.9507,0.8957,0.8712,0.8886,
7,0.4336,0.0755,0.1321,1.3371,0.1194,0.000999,,,,,
8,0.4306,0.0751,0.1296,1.3481,0.1187,0.000998,0.9538,0.8968,0.8754,0.8923,
9,0.4287,0.076,0.1273,1.3523,0.1178,0.000998,,,,,
10,0.4246,0.0754,0.127,1.3509,0.1167,0.000997,0.9499,0.8967,0.8716,0.8903,
11,0.4219,0.0736,0.1279,1.363,0.1164,0.000996,,,,,
12,0.4193,0.0722,0.1253,1.3649,0.1161,0.000995,0.9514,0.8983,0.8745,0.8911,
13,0.4158,0.071,0.1255,1.3657,0.1153,0.000994,,,,,
14,0.4146,0.0716,0.1236,1.3686,0.1148,0.000992,0.9546,0.8987,0.8758,0.89,
15,0.413,0.0715,0.1237,1.3722,0.1143,0.000991,,,,,
16,0.4084,0.0686,0.1213,1.3756,0.1138,0.000989,0.9568,0.8962,0.8686,0.8874,
17,0.4105,0.0705,0.1241,1.3735,0.1138,0.000988,,,,,
18,0.406,0.0687,0.1213,1.3754,0.113,0.000986,0.9555,0.9004,0.88,0.8944,
19,0.4033,0.0673,0.1193,1.3766,0.1126,0.000984,,,,,
20,0.402,0.0679,0.1177,1.3782,0.1121,0.000982,0.9565,0.8965,0.8755,0.8887,
21,0.3995,0.067,0.1174,1.378,0.1115,0.00098,,,,,
22,0.3984,0.0664,0.1193,1.3794,0.1113,0.000977,0.9552,0.9004,0.8725,0.8865,
23,0.3986,0.0671,0.121,1.376,0.1111,0.000975,,,,,
24,0.3952,0.0659,0.1158,1.3766,0.1105,0.000972,0.9557,0.8997,0.8779,0.8935,
25,0.3932,0.065,0.117,1.3801,0.1101,0.00097,,,,,
26,0.391,0.0646,0.1141,1.3802,0.1096,0.000967,0.9584,0.9019,0.8773,0.8914,
27,0.3925,0.0661,0.116,1.3784,0.1095,0.000964,,,,,
28,0.3881,0.0639,0.1136,1.3802,0.1089,0.000961,0.9567,0.903,0.8848,0.8981,
29,0.3878,0.063,0.1133,1.3797,0.1091,0.000958,,,,,
30,0.386,0.0631,0.1124,1.3806,0.1085,0.000954,0.9573,0.9041,0.8849,0.8966,
31,0.3862,0.0644,0.1118,1.3799,0.1081,0.000951,,,,,
32,0.3833,0.0629,0.1113,1.3795,0.1077,0.000948,0.9577,0.9025,0.8796,0.8934,
33,0.3825,0.0618,0.1114,1.3801,0.1078,0.000944,,,,,
34,0.3802,0.0619,0.1109,1.3806,0.107,0.00094,0.9547,0.9049,0.885,0.8976,
35,0.3801,0.0621,0.111,1.3787,0.1069,0.000936,,,,,
36,0.3808,0.0627,0.1117,1.3801,0.1069,0.000932,0.958,0.9067,0.8863,0.8984,
37,0.3777,0.0609,0.1107,1.381,0.1065,0.000928,,,,,
38,0.3772,0.0611,0.1093,1.3806,0.1063,0.000924,0.9588,0.9062,0.8873,0.8983,
39,0.3747,0.0605,0.1087,1.3804,0.1057,0.00092,,,,,
40,0.3736,0.0595,0.109,1.38,0.1057,0.000916,0.9589,0.9075,0.8902,0.9006,
41,0.3746,0.0612,0.109,1.379,0.1054,0.000911,,,,,
42,0.3705,0.0593,0.1082,1.3808,0.1047,0.000906,0.9591,0.907,0.8887,0.9008,
43,0.3693,0.0588,0.1074,1.3811,0.1045,0.000902,,,,,
44,0.3693,0.0591,0.1069,1.3811,0.1045,0.000897,0.9596,0.9076,0.8831,0.8969,
45,0.3676,0.0585,0.1073,1.3798,0.1041,0.000892,,,,,
46,0.3684,0.0601,0.1056,1.3797,0.1039,0.000887,0.9576,0.9087,0.8908,0.9003,
47,0.3647,0.0579,0.1059,1.3809,0.1033,0.000882,,,,,
48,0.3644,0.0582,0.1051,1.38,0.1031,0.000877,0.9592,0.9057,0.886,0.8966,
49,0.3632,0.0574,0.1048,1.3808,0.1031,0.000872,,,,,
50,0.3621,0.0571,0.1038,1.381,0.1028,0.000866,0.9601,0.9112,0.891,0.9017,
51,0.363,0.0576,0.1047,1.3797,0.1029,0.000861,,,,,
52,0.359,0.0562,0.1041,1.3808,0.1021,0.000855,0.961,0.9113,0.8921,0.903,
53,0.3603,0.0576,0.1036,1.3797,0.1021,0.000849,,,,,
54,0.3589,0.0563,0.1048,1.3807,0.102,0.000844,0.9608,0.9103,0.8915,0.903,
55,0.3582,0.0572,0.1023,1.38,0.1015,0.000838,,,,,
56,0.3563,0.056,0.1027,1.3803,0.1013,0.000832,0.9613,0.9104,0.8917,0.9031,
57,0.3559,0.056,0.1025,1.3805,0.1012,0.000826,,,,,
58,0.3537,0.0547,0.1017,1.3803,0.1009,0.00082,0.9596,0.9095,0.8935,0.9022,
59,0.3545,0.0557,0.1017,1.3801,0.1008,0.000814,,,,,
60,0.3532,0.056,0.1017,1.3797,0.1003,0.000807,0.9607,0.9105,0.8922,0.9029,
61,0.3532,0.0553,0.1018,1.3796,0.1005,0.000801,,,,,
62,0.3508,0.0548,0.1007,1.3798,0.0999,0.000795,0.959,0.9097,0.8941,0.9021,
63,0.3521,0.0547,0.1006,1.3799,0.1004,0.000788,,,,,
64,0.3491,0.0545,0.0999,1.3797,0.0995,0.000782,0.9608,0.9111,0.892,0.9016,
65,0.35,0.055,0.1004,1.3793,0.0996,0.000775,,,,,
66,0.3484,0.0547,0.0993,1.3803,0.0992,0.000768,0.961,0.9115,0.8928,0.9019,
67,0.3464,0.0536,0.0999,1.3795,0.0989,0.000762,,,,,
68,0.3464,0.0533,0.0992,1.3795,0.099,0.000755,0.9611,0.9125,0.8951,0.9035,
69,0.3454,0.0537,0.0985,1.3795,0.0986,0.000748,,,,,
70,0.3437,0.0528,0.1,1.3795,0.0982,0.000741,0.9608,0.9123,0.8954,0.9036,
71,0.3441,0.0533,0.098,1.38,0.0983,0.000734,,,,,
72,0.3426,0.0527,0.0975,1.3791,0.098,0.000727,0.9621,0.9131,0.8943,0.903,
73,0.3429,0.0529,0.0973,1.3794,0.098,0.00072,,,,,
74,0.3425,0.0534,0.0977,1.3794,0.0977,0.000713,0.9606,0.9142,0.8954,0.903,
75,0.3409,0.0528,0.098,1.3793,0.0974,0.000705,,,,,
76,0.3402,0.0526,0.0969,1.3794,0.0972,0.000698,0.9614,0.9127,0.8957,0.9048,
77,0.3388,0.0524,0.0967,1.3791,0.0968,0.000691,,,,,
78,0.3385,0.0516,0.0966,1.3799,0.097,0.000683,0.9626,0.9143,0.8949,0.905,
79,0.3382,0.0522,0.0964,1.3791,0.0967,0.000676,,,,,
80,0.3373,0.0523,0.0962,1.379,0.0964,0.000668,0.9621,0.9141,0.8956,0.904,
81,0.3361,0.0513,0.0957,1.379,0.0963,0.000661,,,,,
82,0.337,0.0519,0.0956,1.379,0.0964,0.000653,0.9627,0.9141,0.8977,0.9055,
83,0.3345,0.0511,0.0953,1.3792,0.0959,0.000646,,,,,
84,0.3333,0.0507,0.0956,1.3795,0.0956,0.000638,0.9613,0.9159,0.8983,0.9056,
85,0.333,0.0506,0.0954,1.3794,0.0955,0.00063,,,,,
86,0.3334,0.051,0.0949,1.3791,0.0956,0.000623,0.9618,0.9156,0.9005,0.9055,
87,0.3317,0.0502,0.0939,1.3792,0.0953,0.000615,,,,,
88,0.3326,0.0509,0.0945,1.3785,0.0954,0.000607,0.9611,0.9145,0.8996,0.9061,
89,0.3315,0.0504,0.0939,1.3786,0.0952,0.000599,,,,,
90,0.3304,0.0503,0.0942,1.3787,0.0948,0.000592,0.9617,0.9163,0.8997,0.9062,
91,0.3296,0.0498,0.0936,1.3786,0.0947,0.000584,,,,,
92,0.3291,0.0498,0.094,1.3794,0.0946,0.000576,0.9619,0.9168,0.9005,0.9073,
93,0.3291,0.0497,0.0934,1.3789,0.0946,0.000568,,,,,
94,0.326,0.0488,0.0928,1.3792,0.0939,0.00056,0.9618,0.9157,0.8977,0.9058,
95,0.3276,0.0495,0.0931,1.379,0.0942,0.000552,,,,,
96,0.3261,0.0492,0.0926,1.3787,0.0938,0.000544,0.9627,0.9155,0.8978,0.9041,
97,0.3262,0.0492,0.0925,1.379,0.0938,0.000536,,,,,
98,0.326,0.0493,0.0924,1.3795,0.0938,0.000528,0.9633,0.9166,0.8991,0.9063,
99,0.3246,0.049,0.0921,1.379,0.0934,0.00052,,,,,
100,0.3229,0.0481,0.0918,1.3787,0.0931,0.000512,0.9618,0.9164,0.9016,0.9075,
101,0.3241,0.0488,0.0924,1.3789,0.0933,0.000504,,,,,
102,0.3231,0.0483,0.0913,1.3788,0.0932,0.000497,0.963,0.9165,0.8983,0.9066,
103,0.3223,0.0487,0.0918,1.3789,0.0927,0.000489,,,,,
104,0.322,0.0482,0.0915,1.379,0.0928,0.000481,0.9636,0.9168,0.9003,0.9074,
105,0.3211,0.0477,0.0913,1.3791,0.0927,0.000473,,,,,
106,0.3206,0.048,0.0911,1.3788,0.0924,0.000465,0.9639,0.918,0.9006,0.9071,
107,0.3195,0.0474,0.0906,1.3787,0.0923,0.000457,,,,,
108,0.3198,0.048,0.0906,1.379,0.0922,0.000449,0.9624,0.9181,0.9004,0.9073,
109,0.3184,0.0472,0.0902,1.379,0.092,0.000441,,,,,
110,0.3188,0.0475,0.0906,1.3788,0.092,0.000433,0.9638,0.9188,0.9018,0.908,
111,0.3187,0.0476,0.0902,1.379,0.092,0.000425,,,,,
112,0.3172,0.0471,0.0899,1.3792,0.0917,0.000417,0.9636,0.9172,0.9026,0.9077,
113,0.3168,0.0468,0.0897,1.3788,0.0916,0.000409,,,,,
114,0.3166,0.047,0.0897,1.3787,0.0915,0.000402,0.9635,0.9172,0.9012,0.9076,
115,0.3159,0.0468,0.0896,1.3788,0.0913,0.000394,,,,,
116,0.3155,0.0468,0.0892,1.379,0.0912,0.000386,0.963,0.9179,0.9015,0.9077,
117,0.3154,0.0469,0.0895,1.3787,0.0911,0.000378,,,,,
118,0.3148,0.0464,0.0891,1.3786,0.0911,0.000371,0.9643,0.9179,0.9028,0.9079,
119,0.3141,0.0464,0.089,1.3785,0.0909,0.000363,,,,,
120,0.3132,0.046,0.089,1.3789,0.0907,0.000355,0.963,0.9178,0.9022,0.9075,
121,0.3136,0.0463,0.089,1.3789,0.0907,0.000348,,,,,
122,0.3127,0.046,0.0887,1.3786,0.0905,0.00034,0.9631,0.9186,0.9045,0.9083,
123,0.3119,0.0458,0.0882,1.3788,0.0904,0.000333,,,,,
124,0.3116,0.0458,0.0885,1.3787,0.0902,0.000325,0.9628,0.9179,0.9007,0.9072,
125,0.3114,0.0457,0.088,1.379,0.0902,0.000318,,,,,
126,0.3105,0.0454,0.088,1.3788,0.09,0.00031,0.9636,0.9184,0.9027,0.9085,
127,0.3105,0.0455,0.0881,1.3788,0.09,0.000303,,,,,
128,0.3102,0.0455,0.0878,1.3787,0.0899,0.000296,0.9641,0.9193,0.9042,0.9087,
129,0.3098,0.0453,0.0876,1.3787,0.0899,0.000288,,,,,
130,0.3092,0.0452,0.0874,1.3785,0.0897,0.000281,0.9639,0.9191,0.9034,0.9087,
131,0.3087,0.0452,0.0875,1.3785,0.0895,0.000274,,,,,
132,0.3084,0.0448,0.0873,1.3789,0.0896,0.000267,0.9642,0.9183,0.9023,0.9079,
133,0.3082,0.0451,0.0872,1.3788,0.0894,0.00026,,,,,
134,0.3078,0.0449,0.087,1.3785,0.0893,0.000253,0.9643,0.9195,0.903,0.9077,
